Easting,Northing,Depth,Age,Layer.sub,Vsh,Vca,Vcp,Vom,Vev,Vig,Vss,Porosity,K_{mD},PeHg_{MPa},Closure_{m},Vms,Shc,Sgas,Soil,GasColumn,OilColumn,Pc_Pe_{MPa},Pc_{MPa},GOC,OWC,FlowDirection,TotalPressure,LeakOffPressure,Temperature_{C},TWT,Vitrinite,Sublayer Thickness_{m},Sublayer Duration_{My}
   483250.00    ,  6845250.0    , -397.04669    , -0.0000000    ,  1.0010000    , 0.94999999    ,  0.0000000    ,  0.0000000    ,  0.0000000    ,  0.0000000    ,  0.0000000    , 0.50000012E-01, 0.62300003    , 0.55000003E-01,  1.2464656    ,  0.0000000    ,  405.00000    ,  0.0000000    ,  0.0000000    ,  0.0000000    ,  0.0000000    ,  0.0000000    ,  0.0000000    , 0.56752588E-42, 0.10000000E+31, 0.10000000E+31, 0.10000000E+31,  3.8950284    ,  3.9720669    ,  4.0000000    , -397.04669    , 0.20189652    ,  245.79483    ,  1.6666666    ,
   483250.00    ,  6845250.0    , -642.84155    , -1.6666666    ,  1.0020000    , 0.94999999    ,  0.0000000    ,  0.0000000    ,  0.0000000    ,  0.0000000    ,  0.0000000    , 0.50000012E-01, 0.55122370    , 0.55000003E-01,  1.2464656    ,  0.0000000    ,  405.00000    ,  0.0000000    ,  0.0000000    ,  0.0000000    ,  0.0000000    ,  0.0000000    ,  0.0000000    , 0.56752588E-42, 0.10000000E+31, 0.10000000E+31, 0.10000000E+31,  9.1997719    ,  7.9648075    ,  16.043947    , -642.84155    , 0.20189652    ,  245.79483    ,  1.6666666    ,
   483250.00    ,  6845250.0    , -888.63635    , -3.3333333    ,  1.0030000    , 0.94999999    ,  0.0000000    ,  0.0000000    ,  0.0000000    ,  0.0000000    ,  0.0000000    , 0.50000012E-01, 0.48771682    , 0.55000003E-01,  1.2464656    ,  0.0000000    ,  405.00000    ,  0.0000000    ,  0.0000000    ,  0.0000000    ,  0.0000000    ,  0.0000000    ,  0.0000000    , 0.56752588E-42, 0.10000000E+31, 0.10000000E+31, 0.10000000E+31,  14.504515    ,  12.082396    ,  28.087894    , -888.63635    , 0.20189652    ,  245.79480    ,  1.6666667    ,
   483250.00    ,  6845250.0    , -1134.4312    , -5.0000000    ,  2.0009999    , 0.94999999    ,  0.0000000    ,  0.0000000    ,  0.0000000    ,  0.0000000    ,  0.0000000    , 0.50000012E-01, 0.43152663    , 0.55000003E-01,  1.2464656    ,  0.0000000    ,  405.00000    ,  0.0000000    ,  0.0000000    ,  0.0000000    ,  0.0000000    ,  0.0000000    ,  0.0000000    , 0.56752588E-42, 0.10000000E+31, 0.10000000E+31, 0.10000000E+31,  19.809258    ,  16.323229    ,  40.131836    , -1134.4312    , 0.20189652    ,  341.67560    ,  25.000000    ,
   483250.00    ,  6845250.0    , -1476.1067    , -30.000000    ,  2.0020001    , 0.94999999    ,  0.0000000    ,  0.0000000    ,  0.0000000    ,  0.0000000    ,  0.0000000    , 0.50000012E-01, 0.36400759    , 0.19876497E-01,  1.7440054    ,  0.0000000    ,  405.00000    ,  0.0000000    ,  0.0000000    ,  0.0000000    ,  0.0000000    ,  0.0000000    ,  0.0000000    , 0.56752588E-42, 0.10000000E+31, 0.10000000E+31, 0.10000000E+31,  27.183300    ,  22.423084    ,  56.873940    , -1476.1067    , 0.20189652    ,  341.67560    ,  25.000000    ,
   483250.00    ,  6845250.0    , -1817.7823    , -55.000000    ,  3.0009999    , 0.49999997E-01,  0.0000000    ,  0.0000000    ,  0.0000000    ,  0.0000000    ,  0.0000000    , 0.94999999    , 0.33293343    ,  1447.8887    , 0.43346837E-01,  0.0000000    ,  405.00000    ,  0.0000000    ,  0.0000000    ,  0.0000000    ,  0.0000000    ,  0.0000000    ,  0.0000000    , 0.56752588E-42, 0.10000000E+31, 0.10000000E+31, 0.10000000E+31,  34.557343    ,  28.761095    ,  73.616051    , -1817.7823    , 0.20189652    ,  14.909314    ,  1.0000000    ,
   483250.00    ,  6845250.0    , -1832.6917    , -56.000000    ,  3.0020001    , 0.49999997E-01,  0.0000000    ,  0.0000000    ,  0.0000000    ,  0.0000000    ,  0.0000000    , 0.94999999    , 0.33153659    ,  1381.4437    , 0.44024039E-01,  0.0000000    ,  405.00000    ,  0.0000000    ,  0.0000000    ,  0.0000000    ,  0.0000000    ,  0.0000000    ,  0.0000000    , 0.56752588E-42, 0.10000000E+31, 0.10000000E+31, 0.10000000E+31,  34.879116    ,  29.043083    ,  74.346603    , -1832.6917    , 0.20189652    ,  14.909314    ,  1.0000000    ,
   483250.00    ,  6845250.0    , -1847.6010    , -57.000000    ,  3.0030000    , 0.49999997E-01,  0.0000000    ,  0.0000000    ,  0.0000000    ,  0.0000000    ,  0.0000000    , 0.94999999    , 0.33014560    ,  1318.6879    , 0.44704676E-01,  0.0000000    ,  405.00000    ,  0.0000000    ,  0.0000000    ,  0.0000000    ,  0.0000000    ,  0.0000000    ,  0.0000000    , 0.56752588E-42, 0.10000000E+31, 0.10000000E+31, 0.10000000E+31,  35.200890    ,  29.325525    ,  75.077156    , -1847.6010    , 0.20189652    ,  14.909315    ,  1.0000000    ,
   483250.00    ,  6845250.0    , -1862.5103    , -58.000000    ,  3.0039999    , 0.49999997E-01,  0.0000000    ,  0.0000000    ,  0.0000000    ,  0.0000000    ,  0.0000000    , 0.94999999    , 0.32876042    ,  1259.3801    , 0.45388736E-01,  0.0000000    ,  405.00000    ,  0.0000000    ,  0.0000000    ,  0.0000000    ,  0.0000000    ,  0.0000000    ,  0.0000000    , 0.56752588E-42, 0.10000000E+31, 0.10000000E+31, 0.10000000E+31,  35.522663    ,  29.608419    ,  75.807709    , -1862.5103    , 0.20189652    ,  14.909313    ,  1.0000000    ,
   483250.00    ,  6845250.0    , -1877.4196    , -59.000000    ,  3.0050001    , 0.49999997E-01,  0.0000000    ,  0.0000000    ,  0.0000000    ,  0.0000000    ,  0.0000000    , 0.94999999    , 0.32738110    ,  1203.3024    , 0.46076156E-01,  0.0000000    ,  405.00000    ,  0.0000000    ,  0.0000000    ,  0.0000000    ,  0.0000000    ,  0.0000000    ,  0.0000000    , 0.56752588E-42, 0.10000000E+31, 0.10000000E+31, 0.10000000E+31,  35.844437    ,  29.891768    ,  76.538277    , -1877.4196    , 0.20189652    ,  14.909313    ,  1.0000000    ,
   483250.00    ,  6845250.0    , -1892.3289    , -60.000000    ,  3.0060000    , 0.49999997E-01,  0.0000000    ,  0.0000000    ,  0.0000000    ,  0.0000000    ,  0.0000000    , 0.94999999    , 0.32600752    ,  1150.2468    , 0.46766922E-01,  0.0000000    ,  405.00000    ,  0.0000000    ,  0.0000000    ,  0.0000000    ,  0.0000000    ,  0.0000000    ,  0.0000000    , 0.56752588E-42, 0.10000000E+31, 0.10000000E+31, 0.10000000E+31,  36.166206    ,  30.175568    ,  77.268829    , -1892.3289    , 0.20189652    ,  14.909318    ,  1.0000000    ,
   483250.00    ,  6845250.0    , -1907.2383    , -61.000000    ,  3.0070000    , 0.49999997E-01,  0.0000000    ,  0.0000000    ,  0.0000000    ,  0.0000000    ,  0.0000000    , 0.94999999    , 0.32463974    ,  1100.0210    , 0.47461092E-01,  0.0000000    ,  405.00000    ,  0.0000000    ,  0.0000000    ,  0.0000000    ,  0.0000000    ,  0.0000000    ,  0.0000000    , 0.56752588E-42, 0.10000000E+31, 0.10000000E+31, 0.10000000E+31,  36.487984    ,  30.459824    ,  77.999382    , -1907.2383    , 0.20189652    ,  14.909308    ,  1.0000000    ,
   483250.00    ,  6845250.0    , -1922.1476    , -62.000000    ,  3.0079999    , 0.49999997E-01,  0.0000000    ,  0.0000000    ,  0.0000000    ,  0.0000000    ,  0.0000000    , 0.94999999    , 0.32327768    ,  1052.4503    , 0.48158556E-01,  0.0000000    ,  405.00000    ,  0.0000000    ,  0.0000000    ,  0.0000000    ,  0.0000000    ,  0.0000000    ,  0.0000000    , 0.56752588E-42, 0.10000000E+31, 0.10000000E+31, 0.10000000E+31,  36.809757    ,  30.744532    ,  78.729942    , -1922.1476    , 0.20189652    ,  14.909318    ,  1.0000000    ,
   483250.00    ,  6845250.0    , -1937.0569    , -63.000000    ,  3.0090001    , 0.49999997E-01,  0.0000000    ,  0.0000000    ,  0.0000000    ,  0.0000000    ,  0.0000000    , 0.94999999    , 0.32192135    ,  1007.3703    , 0.48859321E-01,  0.0000000    ,  405.00000    ,  0.0000000    ,  0.0000000    ,  0.0000000    ,  0.0000000    ,  0.0000000    ,  0.0000000    , 0.56752588E-42, 0.10000000E+31, 0.10000000E+31, 0.10000000E+31,  37.131527    ,  31.029692    ,  79.460495    , -1937.0569    , 0.20189652    ,  14.909308    ,  1.0000000    ,
   483250.00    ,  6845250.0    , -1951.9662    , -64.000000    ,  3.0100000    , 0.49999997E-01,  0.0000000    ,  0.0000000    ,  0.0000000    ,  0.0000000    ,  0.0000000    , 0.94999999    , 0.32057068    ,  964.62787    , 0.49563400E-01,  0.0000000    ,  405.00000    ,  0.0000000    ,  0.0000000    ,  0.0000000    ,  0.0000000    ,  0.0000000    ,  0.0000000    , 0.56752588E-42, 0.10000000E+31, 0.10000000E+31, 0.10000000E+31,  37.453300    ,  31.315310    ,  80.191048    , -1951.9662    , 0.20189652    ,  14.909318    ,  1.0000000    ,
   483250.00    ,  6845250.0    , -1966.8755    , -65.000000    ,  4.0009999    , 0.94999999    ,  0.0000000    ,  0.0000000    ,  0.0000000    ,  0.0000000    ,  0.0000000    , 0.50000012E-01, 0.28508058    , 0.36788168E-02,  3.0431006    ,  0.0000000    ,  405.00000    ,  0.0000000    ,  0.0000000    ,  0.0000000    ,  0.0000000    ,  0.0000000    ,  0.0000000    , 0.56752588E-42, 0.10000000E+31, 0.10000000E+31, 0.10000000E+31,  37.775070    ,  31.601376    ,  80.921616    , -1966.8755    , 0.20189652    ,  391.72681    ,  17.500000    ,
   483250.00    ,  6845250.0    , -2358.6023    , -82.500000    ,  4.0019999    , 0.94999999    ,  0.0000000    ,  0.0000000    ,  0.0000000    ,  0.0000000    ,  0.0000000    , 0.50000012E-01, 0.23455545    , 0.13500211E-02,  4.2363086    ,  0.0000000    ,  405.00000    ,  0.0000000    ,  0.0000000    ,  0.0000000    ,  0.0000000    ,  0.0000000    ,  0.0000000    , 0.56752588E-42, 0.10000000E+31, 0.10000000E+31, 0.10000000E+31,  46.229321    ,  39.280010    ,  100.11623    , -2358.6023    , 0.20189652    ,  391.72681    ,  17.500000    ,
   483250.00    ,  6845250.0    , -2750.3291    , -100.00000    ,  5.0009999    , 0.94999999    ,  0.0000000    ,  0.0000000    ,  0.0000000    ,  0.0000000    ,  0.0000000    , 0.50000012E-01, 0.19298491    , 0.59499231E-03,  5.5515113    ,  0.0000000    ,  405.00000    ,  0.0000000    ,  0.0000000    ,  0.0000000    ,  0.0000000    ,  0.0000000    ,  0.0000000    , 0.56752588E-42, 0.10000000E+31, 0.10000000E+31, 0.10000000E+31,  54.683571    ,  47.271687    ,  119.31084    , -2750.3291    , 0.20189652    ,  108.61882    ,  8.3333359    ,
   483250.00    ,  6845250.0    , -2858.9480    , -108.33334    ,  5.0019999    , 0.94999999    ,  0.0000000    ,  0.0000000    ,  0.0000000    ,  0.0000000    ,  0.0000000    , 0.50000012E-01, 0.18282324    , 0.48565402E-03,  5.9362483    ,  0.0000000    ,  405.00000    ,  0.0000000    ,  0.0000000    ,  0.0000000    ,  0.0000000    ,  0.0000000    ,  0.0000000    , 0.56752588E-42, 0.10000000E+31, 0.10000000E+31, 0.10000000E+31,  57.027782    ,  49.543068    ,  124.63317    , -2858.9480    , 0.20189652    ,  108.61882    ,  8.3333359    ,
   483250.00    ,  6845250.0    , -2967.5667    , -116.66667    ,  5.0029998    , 0.94999999    ,  0.0000000    ,  0.0000000    ,  0.0000000    ,  0.0000000    ,  0.0000000    , 0.50000012E-01, 0.17319666    , 0.39989842E-03,  6.3293138    ,  0.0000000    ,  405.00000    ,  0.0000000    ,  0.0000000    ,  0.0000000    ,  0.0000000    ,  0.0000000    ,  0.0000000    , 0.56752588E-42, 0.10000000E+31, 0.10000000E+31, 0.10000000E+31,  59.371990    ,  51.838512    ,  129.95549    , -2967.5667    , 0.20189652    ,  108.61880    ,  8.3333359    ,
   483250.00    ,  6845250.0    , -3076.1855    , -125.00000    ,  6.0009999    ,  0.0000000    ,  0.0000000    ,  0.0000000    ,  0.0000000    ,  1.0000000    ,  0.0000000    ,  0.0000000    , 0.10000000E-02, 0.10000000E-09,  10000.000    ,  0.0000000    ,  405.00000    ,  0.0000000    ,  0.0000000    ,  0.0000000    ,  0.0000000    ,  0.0000000    ,  0.0000000    , 0.56752588E-42, 0.10000000E+31, 0.10000000E+31, 0.10000000E+31,  61.716206    ,  54.158035    ,  135.27782    , -3076.1855    , 0.20189652    ,  86.002716    ,  2.1250000    ,
   483250.00    ,  6845250.0    , -3162.1882    , -127.12500    ,  6.0019999    ,  0.0000000    ,  0.0000000    ,  0.0000000    ,  0.0000000    ,  1.0000000    ,  0.0000000    ,  0.0000000    , 0.10000000E-02, 0.10000000E-09,  10000.000    ,  0.0000000    ,  405.00000    ,  0.0000000    ,  0.0000000    ,  0.0000000    ,  0.0000000    ,  0.0000000    ,  0.0000000    , 0.56752588E-42, 0.10000000E+31, 0.10000000E+31, 0.10000000E+31,  63.572315    ,  56.011665    ,  139.49194    , -3162.1882    , 0.20189652    ,  86.002716    ,  2.1250000    ,
   483250.00    ,  6845250.0    , -3248.1909    , -129.25000    ,  6.0029998    ,  0.0000000    ,  0.0000000    ,  0.0000000    ,  0.0000000    ,  1.0000000    ,  0.0000000    ,  0.0000000    , 0.10000000E-02, 0.10000000E-09,  10000.000    ,  0.0000000    ,  405.00000    ,  0.0000000    ,  0.0000000    ,  0.0000000    ,  0.0000000    ,  0.0000000    ,  0.0000000    , 0.56752588E-42, 0.10000000E+31, 0.10000000E+31, 0.10000000E+31,  65.428421    ,  57.880379    ,  143.70607    , -3248.1909    , 0.20189652    ,  86.002716    ,  2.1250000    ,
   483250.00    ,  6845250.0    , -3334.1936    , -131.37500    ,  6.0040002    ,  0.0000000    ,  0.0000000    ,  0.0000000    ,  0.0000000    ,  1.0000000    ,  0.0000000    ,  0.0000000    , 0.10000000E-02, 0.10000000E-09,  10000.000    ,  0.0000000    ,  405.00000    ,  0.0000000    ,  0.0000000    ,  0.0000000    ,  0.0000000    ,  0.0000000    ,  0.0000000    , 0.56752588E-42, 0.10000000E+31, 0.10000000E+31, 0.10000000E+31,  67.284538    ,  59.764187    ,  147.92021    , -3334.1936    , 0.20189652    ,  86.002716    ,  2.1250000    ,
   483250.00    ,  6845250.0    , -3420.1963    , -133.50000    ,  6.0050001    ,  0.0000000    ,  0.0000000    ,  0.0000000    ,  0.0000000    ,  1.0000000    ,  0.0000000    ,  0.0000000    , 0.10000000E-02, 0.10000000E-09,  10000.000    ,  0.0000000    ,  405.00000    ,  0.0000000    ,  0.0000000    ,  0.0000000    ,  0.0000000    ,  0.0000000    ,  0.0000000    , 0.56752588E-42, 0.10000000E+31, 0.10000000E+31, 0.10000000E+31,  69.140648    ,  61.663082    ,  152.13435    , -3420.1963    , 0.20189652    ,  86.002716    ,  2.1250000    ,
   483250.00    ,  6845250.0    , -3506.1992    , -135.62500    ,  6.0060000    ,  0.0000000    ,  0.0000000    ,  0.0000000    ,  0.0000000    ,  1.0000000    ,  0.0000000    ,  0.0000000    , 0.10000000E-02, 0.10000000E-09,  10000.000    ,  0.0000000    ,  405.00000    ,  0.0000000    ,  0.0000000    ,  0.0000000    ,  0.0000000    ,  0.0000000    ,  0.0000000    , 0.56752588E-42, 0.10000000E+31, 0.10000000E+31, 0.10000000E+31,  70.996758    ,  63.577076    ,  156.34850    , -3506.1992    , 0.20189652    ,  86.002716    ,  2.1250000    ,
   483250.00    ,  6845250.0    , -3592.2019    , -137.75000    ,  6.0070000    ,  0.0000000    ,  0.0000000    ,  0.0000000    ,  0.0000000    ,  1.0000000    ,  0.0000000    ,  0.0000000    , 0.10000000E-02, 0.10000000E-09,  10000.000    ,  0.0000000    ,  405.00000    ,  0.0000000    ,  0.0000000    ,  0.0000000    ,  0.0000000    ,  0.0000000    ,  0.0000000    , 0.56752588E-42, 0.10000000E+31, 0.10000000E+31, 0.10000000E+31,  72.852875    ,  65.506157    ,  160.56261    , -3592.2019    , 0.20189652    ,  86.002716    ,  2.1250000    ,
   483250.00    ,  6845250.0    , -3678.2046    , -139.87500    ,  6.0079999    ,  0.0000000    ,  0.0000000    ,  0.0000000    ,  0.0000000    ,  1.0000000    ,  0.0000000    ,  0.0000000    , 0.10000000E-02, 0.10000000E-09,  10000.000    ,  0.0000000    ,  405.00000    ,  0.0000000    ,  0.0000000    ,  0.0000000    ,  0.0000000    ,  0.0000000    ,  0.0000000    , 0.56752588E-42, 0.10000000E+31, 0.10000000E+31, 0.10000000E+31,  74.708984    ,  67.450310    ,  164.77675    , -3678.2046    , 0.20189652    ,  86.002716    ,  2.1250000    ,
   483250.00    ,  6845250.0    , -3764.2073    , -142.00000    ,  7.0009999    , 0.94999999    ,  0.0000000    ,  0.0000000    ,  0.0000000    ,  0.0000000    ,  0.0000000    , 0.50000012E-01, 0.11647781    , 0.11867414E-03,  9.4506674    ,  0.0000000    ,  405.00000    ,  0.0000000    ,  0.0000000    ,  0.0000000    ,  0.0000000    ,  0.0000000    ,  0.0000000    , 0.56752588E-42, 0.10000000E+31, 0.10000000E+31, 0.10000000E+31,  76.565094    ,  69.409561    ,  168.99088    , -3764.2073    , 0.20189652    , 0.44006348    , 0.25000000    ,
   483250.00    ,  6845250.0    , -3764.6475    , -142.25000    ,  7.0019999    , 0.94999999    ,  0.0000000    ,  0.0000000    ,  0.0000000    ,  0.0000000    ,  0.0000000    , 0.50000012E-01, 0.11645229    , 0.11860432E-03,  9.4525032    ,  0.0000000    ,  405.00000    ,  0.0000000    ,  0.0000000    ,  0.0000000    ,  0.0000000    ,  0.0000000    ,  0.0000000    , 0.56752588E-42, 0.10000000E+31, 0.10000000E+31, 0.10000000E+31,  76.574593    ,  69.419632    ,  169.01242    , -3764.6475    , 0.20189652    , 0.44006348    , 0.25000000    ,
   483250.00    ,  6845250.0    , -3765.0874    , -142.50000    ,  7.0029998    , 0.94999999    ,  0.0000000    ,  0.0000000    ,  0.0000000    ,  0.0000000    ,  0.0000000    , 0.50000012E-01, 0.11642676    , 0.11853506E-03,  9.4543247    ,  0.0000000    ,  405.00000    ,  0.0000000    ,  0.0000000    ,  0.0000000    ,  0.0000000    ,  0.0000000    ,  0.0000000    , 0.56752588E-42, 0.10000000E+31, 0.10000000E+31, 0.10000000E+31,  76.584091    ,  69.429695    ,  169.03401    , -3765.0874    , 0.20189652    , 0.44006348    , 0.25000000    ,
   483250.00    ,  6845250.0    , -3765.5273    , -142.75000    ,  7.0040002    , 0.94999999    ,  0.0000000    ,  0.0000000    ,  0.0000000    ,  0.0000000    ,  0.0000000    , 0.50000012E-01, 0.11640124    , 0.11846532E-03,  9.4561625    ,  0.0000000    ,  405.00000    ,  0.0000000    ,  0.0000000    ,  0.0000000    ,  0.0000000    ,  0.0000000    ,  0.0000000    , 0.56752588E-42, 0.10000000E+31, 0.10000000E+31, 0.10000000E+31,  76.593582    ,  69.439758    ,  169.05557    , -3765.5273    , 0.20189652    , 0.44006348    , 0.25000000    ,
   483250.00    ,  6845250.0    , -3765.9675    , -143.00000    ,  8.0010004    , 0.75000000    ,  0.0000000    ,  0.0000000    ,  0.0000000    ,  0.0000000    ,  0.0000000    , 0.25000000    , 0.13065329    , 0.18764475E-02,  3.8001342    ,  0.0000000    ,  405.00000    ,  0.0000000    ,  0.0000000    ,  0.0000000    ,  0.0000000    ,  0.0000000    ,  0.0000000    , 0.56752588E-42, 0.10000000E+31, 0.10000000E+31, 0.10000000E+31,  76.603081    ,  69.449821    ,  169.07713    , -3765.9675    , 0.20189652    ,  1.0494304    ,  1.0666656    ,
   483250.00    ,  6845250.0    , -3767.0168    , -144.06667    ,  8.0019999    , 0.75000000    ,  0.0000000    ,  0.0000000    ,  0.0000000    ,  0.0000000    ,  0.0000000    , 0.25000000    , 0.13059160    , 0.18738204E-02,  3.8018918    ,  0.0000000    ,  405.00000    ,  0.0000000    ,  0.0000000    ,  0.0000000    ,  0.0000000    ,  0.0000000    ,  0.0000000    , 0.56752588E-42, 0.10000000E+31, 0.10000000E+31, 0.10000000E+31,  76.625725    ,  69.473824    ,  169.12854    , -3767.0168    , 0.20189652    ,  1.0494304    ,  1.0666656    ,
   483250.00    ,  6845250.0    , -3768.0664    , -145.13333    ,  8.0030003    , 0.75000000    ,  0.0000000    ,  0.0000000    ,  0.0000000    ,  0.0000000    ,  0.0000000    , 0.25000000    , 0.13052994    , 0.18711970E-02,  3.8036501    ,  0.0000000    ,  405.00000    ,  0.0000000    ,  0.0000000    ,  0.0000000    ,  0.0000000    ,  0.0000000    ,  0.0000000    , 0.56752588E-42, 0.10000000E+31, 0.10000000E+31, 0.10000000E+31,  76.648384    ,  69.497841    ,  169.17998    , -3768.0664    , 0.20189652    ,  1.0494303    ,  1.0666656    ,
   483250.00    ,  6845250.0    , -3769.1157    , -146.20000    ,  8.0039997    , 0.75000000    ,  0.0000000    ,  0.0000000    ,  0.0000000    ,  0.0000000    ,  0.0000000    , 0.25000000    , 0.13046832    , 0.18685773E-02,  3.8054087    ,  0.0000000    ,  405.00000    ,  0.0000000    ,  0.0000000    ,  0.0000000    ,  0.0000000    ,  0.0000000    ,  0.0000000    , 0.56752588E-42, 0.10000000E+31, 0.10000000E+31, 0.10000000E+31,  76.671021    ,  69.521843    ,  169.23140    , -3769.1157    , 0.20189652    ,  1.0494305    ,  1.0666656    ,
   483250.00    ,  6845250.0    , -3770.1653    , -147.26666    ,  8.0050001    , 0.75000000    ,  0.0000000    ,  0.0000000    ,  0.0000000    ,  0.0000000    ,  0.0000000    , 0.25000000    , 0.13040671    , 0.18659614E-02,  3.8071685    ,  0.0000000    ,  405.00000    ,  0.0000000    ,  0.0000000    ,  0.0000000    ,  0.0000000    ,  0.0000000    ,  0.0000000    , 0.56752588E-42, 0.10000000E+31, 0.10000000E+31, 0.10000000E+31,  76.693680    ,  69.545853    ,  169.28282    , -3770.1653    , 0.20189652    ,  1.0494303    ,  1.0666656    ,
   483250.00    ,  6845250.0    , -3771.2146    , -148.33333    ,  8.0059996    , 0.75000000    ,  0.0000000    ,  0.0000000    ,  0.0000000    ,  0.0000000    ,  0.0000000    , 0.25000000    , 0.13034515    , 0.18633489E-02,  3.8089294    ,  0.0000000    ,  405.00000    ,  0.0000000    ,  0.0000000    ,  0.0000000    ,  0.0000000    ,  0.0000000    ,  0.0000000    , 0.56752588E-42, 0.10000000E+31, 0.10000000E+31, 0.10000000E+31,  76.716331    ,  69.569870    ,  169.33424    , -3771.2146    , 0.20189652    ,  1.0494303    ,  1.0666656    ,
   483250.00    ,  6845250.0    , -3772.2642    , -149.39999    ,  8.0070000    , 0.75000000    ,  0.0000000    ,  0.0000000    ,  0.0000000    ,  0.0000000    ,  0.0000000    , 0.25000000    , 0.13028359    , 0.18607484E-02,  3.8106852    ,  0.0000000    ,  405.00000    ,  0.0000000    ,  0.0000000    ,  0.0000000    ,  0.0000000    ,  0.0000000    ,  0.0000000    , 0.56752588E-42, 0.10000000E+31, 0.10000000E+31, 0.10000000E+31,  76.738976    ,  69.593880    ,  169.38567    , -3772.2642    , 0.20189652    ,  1.0494303    ,  1.0666656    ,
   483250.00    ,  6845250.0    , -3773.3135    , -150.46666    ,  8.0080004    , 0.75000000    ,  0.0000000    ,  0.0000000    ,  0.0000000    ,  0.0000000    ,  0.0000000    , 0.25000000    , 0.13022210    , 0.18581434E-02,  3.8124471    ,  0.0000000    ,  405.00000    ,  0.0000000    ,  0.0000000    ,  0.0000000    ,  0.0000000    ,  0.0000000    ,  0.0000000    , 0.56752588E-42, 0.10000000E+31, 0.10000000E+31, 0.10000000E+31,  76.761627    ,  69.617905    ,  169.43707    , -3773.3135    , 0.20189652    ,  1.0494307    ,  1.0666656    ,
   483250.00    ,  6845250.0    , -3774.3630    , -151.53333    ,  8.0089998    , 0.75000000    ,  0.0000000    ,  0.0000000    ,  0.0000000    ,  0.0000000    ,  0.0000000    , 0.25000000    , 0.13016061    , 0.18555420E-02,  3.8142102    ,  0.0000000    ,  405.00000    ,  0.0000000    ,  0.0000000    ,  0.0000000    ,  0.0000000    ,  0.0000000    ,  0.0000000    , 0.56752588E-42, 0.10000000E+31, 0.10000000E+31, 0.10000000E+31,  76.784271    ,  69.641922    ,  169.48851    , -3774.3630    , 0.20189652    ,  1.0494303    ,  1.0666656    ,
   483250.00    ,  6845250.0    , -3775.4124    , -152.59999    ,  8.0100002    , 0.75000000    ,  0.0000000    ,  0.0000000    ,  0.0000000    ,  0.0000000    ,  0.0000000    , 0.25000000    , 0.13009916    , 0.18529604E-02,  3.8159628    ,  0.0000000    ,  405.00000    ,  0.0000000    ,  0.0000000    ,  0.0000000    ,  0.0000000    ,  0.0000000    ,  0.0000000    , 0.56752588E-42, 0.10000000E+31, 0.10000000E+31, 0.10000000E+31,  76.806923    ,  69.665939    ,  169.53993    , -3775.4124    , 0.20189652    ,  1.0494303    ,  1.0666656    ,
   483250.00    ,  6845250.0    , -3776.4619    , -153.66666    ,  8.0109997    , 0.75000000    ,  0.0000000    ,  0.0000000    ,  0.0000000    ,  0.0000000    ,  0.0000000    , 0.25000000    , 0.13003774    , 0.18503662E-02,  3.8177276    ,  0.0000000    ,  405.00000    ,  0.0000000    ,  0.0000000    ,  0.0000000    ,  0.0000000    ,  0.0000000    ,  0.0000000    , 0.56752588E-42, 0.10000000E+31, 0.10000000E+31, 0.10000000E+31,  76.829575    ,  69.689964    ,  169.59135    , -3776.4619    , 0.20189652    ,  1.0494303    ,  1.0666656    ,
   483250.00    ,  6845250.0    , -3777.5112    , -154.73332    ,  8.0120001    , 0.75000000    ,  0.0000000    ,  0.0000000    ,  0.0000000    ,  0.0000000    ,  0.0000000    , 0.25000000    , 0.12997635    , 0.18477838E-02,  3.8194880    ,  0.0000000    ,  405.00000    ,  0.0000000    ,  0.0000000    ,  0.0000000    ,  0.0000000    ,  0.0000000    ,  0.0000000    , 0.56752588E-42, 0.10000000E+31, 0.10000000E+31, 0.10000000E+31,  76.852219    ,  69.713997    ,  169.64278    , -3777.5112    , 0.20189652    ,  1.0494303    ,  1.0666656    ,
   483250.00    ,  6845250.0    , -3778.5608    , -155.79999    ,  8.0129995    , 0.75000000    ,  0.0000000    ,  0.0000000    ,  0.0000000    ,  0.0000000    ,  0.0000000    , 0.25000000    , 0.12991497    , 0.18452050E-02,  3.8212485    ,  0.0000000    ,  405.00000    ,  0.0000000    ,  0.0000000    ,  0.0000000    ,  0.0000000    ,  0.0000000    ,  0.0000000    , 0.56752588E-42, 0.10000000E+31, 0.10000000E+31, 0.10000000E+31,  76.874870    ,  69.738022    ,  169.69420    , -3778.5608    , 0.20189652    ,  1.0494303    ,  1.0666656    ,
   483250.00    ,  6845250.0    , -3779.6101    , -156.86665    ,  8.0139999    , 0.75000000    ,  0.0000000    ,  0.0000000    ,  0.0000000    ,  0.0000000    ,  0.0000000    , 0.25000000    , 0.12985364    , 0.18426297E-02,  3.8230102    ,  0.0000000    ,  405.00000    ,  0.0000000    ,  0.0000000    ,  0.0000000    ,  0.0000000    ,  0.0000000    ,  0.0000000    , 0.56752588E-42, 0.10000000E+31, 0.10000000E+31, 0.10000000E+31,  76.897522    ,  69.762054    ,  169.74561    , -3779.6101    , 0.20189652    ,  1.0494303    ,  1.0666656    ,
   483250.00    ,  6845250.0    , -3780.6597    , -157.93332    ,  8.0150003    , 0.75000000    ,  0.0000000    ,  0.0000000    ,  0.0000000    ,  0.0000000    ,  0.0000000    , 0.25000000    , 0.12979233    , 0.18400581E-02,  3.8247724    ,  0.0000000    ,  405.00000    ,  0.0000000    ,  0.0000000    ,  0.0000000    ,  0.0000000    ,  0.0000000    ,  0.0000000    , 0.56752588E-42, 0.10000000E+31, 0.10000000E+31, 0.10000000E+31,  76.920166    ,  69.786095    ,  169.79704    , -3780.6597    , 0.20189652    ,  1.0494303    ,  1.0666656    ,
   483250.00    ,  6845250.0    , -3781.7090    , -159.00000    ,  9.0010004    , 0.50000001E-01,  0.0000000    ,  0.0000000    ,  0.0000000    ,  0.0000000    ,  0.0000000    , 0.94999999    , 0.19135213    ,  29.122307    , 0.15732780    ,  0.0000000    ,  405.00000    ,  0.0000000    ,  0.0000000    ,  0.0000000    ,  0.0000000    ,  0.0000000    ,  0.0000000    , 0.56752588E-42, 0.10000000E+31, 0.10000000E+31, 0.10000000E+31,  76.942818    ,  69.810120    ,  169.84846    , -3781.7090    , 0.20189652    ,  54.166668    ,  5.4166718    ,
   483250.00    ,  6845250.0    , -3835.8757    , -164.41667    ,  9.0019999    , 0.50000001E-01,  0.0000000    ,  0.0000000    ,  0.0000000    ,  0.0000000    ,  0.0000000    , 0.94999999    , 0.18845142    ,  27.114214    , 0.16108124    ,  0.0000000    ,  405.00000    ,  0.0000000    ,  0.0000000    ,  0.0000000    ,  0.0000000    ,  0.0000000    ,  0.0000000    , 0.56752588E-42, 0.10000000E+31, 0.10000000E+31, 0.10000000E+31,  78.111839    ,  71.053787    ,  172.50262    , -3835.8757    , 0.20189652    ,  54.166668    ,  5.4166718    ,
   483250.00    ,  6845250.0    , -3890.0422    , -169.83334    ,  9.0030003    , 0.50000001E-01,  0.0000000    ,  0.0000000    ,  0.0000000    ,  0.0000000    ,  0.0000000    , 0.94999999    , 0.18559471    ,  25.272820    , 0.16486339    ,  0.0000000    ,  405.00000    ,  0.0000000    ,  0.0000000    ,  0.0000000    ,  0.0000000    ,  0.0000000    ,  0.0000000    , 0.56752588E-42, 0.10000000E+31, 0.10000000E+31, 0.10000000E+31,  79.280861    ,  72.303436    ,  175.15678    , -3890.0422    , 0.20189652    ,  54.166664    ,  5.4166718    ,
   483250.00    ,  6845250.0    , -3944.2090    , -175.25002    ,  9.0039997    , 0.50000001E-01,  0.0000000    ,  0.0000000    ,  0.0000000    ,  0.0000000    ,  0.0000000    , 0.94999999    , 0.18278128    ,  23.581995    , 0.16867410    ,  0.0000000    ,  405.00000    ,  0.0000000    ,  0.0000000    ,  0.0000000    ,  0.0000000    ,  0.0000000    ,  0.0000000    , 0.56752588E-42, 0.10000000E+31, 0.10000000E+31, 0.10000000E+31,  80.449890    ,  73.559074    ,  177.81096    , -3944.2090    , 0.20189652    ,  54.166672    ,  5.4166718    ,
   483250.00    ,  6845250.0    , -3998.3757    , -180.66669    ,  9.0050001    , 0.50000001E-01,  0.0000000    ,  0.0000000    ,  0.0000000    ,  0.0000000    ,  0.0000000    , 0.94999999    , 0.18001051    ,  22.027351    , 0.17251322    ,  0.0000000    ,  405.00000    ,  0.0000000    ,  0.0000000    ,  0.0000000    ,  0.0000000    ,  0.0000000    ,  0.0000000    , 0.56752588E-42, 0.10000000E+31, 0.10000000E+31, 0.10000000E+31,  81.618919    ,  74.820702    ,  180.46513    , -3998.3757    , 0.20189652    ,  54.166653    ,  5.4166718    ,
   483250.00    ,  6845250.0    , -4052.5422    , -186.08336    ,  9.0059996    , 0.50000001E-01,  0.0000000    ,  0.0000000    ,  0.0000000    ,  0.0000000    ,  0.0000000    , 0.94999999    , 0.17728175    ,  20.596172    , 0.17638044    ,  0.0000000    ,  405.00000    ,  0.0000000    ,  0.0000000    ,  0.0000000    ,  0.0000000    ,  0.0000000    ,  0.0000000    , 0.56752588E-42, 0.10000000E+31, 0.10000000E+31, 0.10000000E+31,  82.787933    ,  76.088303    ,  183.11929    , -4052.5422    , 0.20189652    ,  54.166672    ,  5.4166718    ,
   483250.00    ,  6845250.0    , -4106.7090    , -191.50000    ,  10.001000    , 0.94999999    ,  0.0000000    ,  0.0000000    ,  0.0000000    ,  0.0000000    ,  0.0000000    , 0.50000012E-01, 0.98212637E-01, 0.99999997E-05,  21.379623    ,  0.0000000    ,  405.00000    ,  0.0000000    ,  0.0000000    ,  0.0000000    ,  0.0000000    ,  0.0000000    ,  0.0000000    , 0.56752588E-42, 0.10000000E+31, 0.10000000E+31, 0.10000000E+31,  83.956970    ,  77.361893    ,  185.77345    , -4106.7090    , 0.20189652    ,  0.0000000    ,  8.1250000    ,
   483250.00    ,  6845250.0    , -4106.7090    , -199.62500    ,  10.002000    , 0.94999999    ,  0.0000000    ,  0.0000000    ,  0.0000000    ,  0.0000000    ,  0.0000000    , 0.50000012E-01, 0.98212637E-01, 0.99999997E-05,  21.379623    ,  0.0000000    ,  405.00000    ,  0.0000000    ,  0.0000000    ,  0.0000000    ,  0.0000000    ,  0.0000000    ,  0.0000000    , 0.56752588E-42, 0.10000000E+31, 0.10000000E+31, 0.10000000E+31,  83.956970    ,  77.361893    ,  185.77345    , -4106.7090    , 0.20189652    ,  0.0000000    ,  8.1250000    ,
   483250.00    ,  6845250.0    , -4106.7090    , -207.75000    ,  10.003000    , 0.94999999    ,  0.0000000    ,  0.0000000    ,  0.0000000    ,  0.0000000    ,  0.0000000    , 0.50000012E-01, 0.98212637E-01, 0.99999997E-05,  21.379623    ,  0.0000000    ,  405.00000    ,  0.0000000    ,  0.0000000    ,  0.0000000    ,  0.0000000    ,  0.0000000    ,  0.0000000    , 0.56752588E-42, 0.10000000E+31, 0.10000000E+31, 0.10000000E+31,  83.956970    ,  77.361893    ,  185.77345    , -4106.7090    , 0.20189652    ,  0.0000000    ,  8.1250000    ,
   483250.00    ,  6845250.0    , -4106.7090    , -215.87500    ,  10.004000    , 0.94999999    ,  0.0000000    ,  0.0000000    ,  0.0000000    ,  0.0000000    ,  0.0000000    , 0.50000012E-01, 0.98212637E-01, 0.99999997E-05,  21.379623    ,  0.0000000    ,  405.00000    ,  0.0000000    ,  0.0000000    ,  0.0000000    ,  0.0000000    ,  0.0000000    ,  0.0000000    , 0.56752588E-42, 0.10000000E+31, 0.10000000E+31, 0.10000000E+31,  83.956970    ,  77.361893    ,  185.77345    , -4106.7090    , 0.20189652    ,  0.0000000    ,  8.1250000    ,
   483250.00    ,  6845250.0    , -4106.7090    , -224.00000    ,  11.001000    , 0.94999999    ,  0.0000000    ,  0.0000000    ,  0.0000000    ,  0.0000000    ,  0.0000000    , 0.50000012E-01, 0.98212637E-01, 0.76743265E-04,  10.912812    ,  0.0000000    ,  405.00000    ,  0.0000000    ,  0.0000000    ,  0.0000000    ,  0.0000000    ,  0.0000000    ,  0.0000000    , 0.56752588E-42, 0.10000000E+31, 0.10000000E+31, 0.10000000E+31,  83.956970    ,  77.361893    ,  185.77345    , -4106.7090    , 0.20189652    ,  20.000000    ,  14.000000    ,
   483250.00    ,  6845250.0    , -4126.7090    , -238.00000    ,  11.002000    , 0.94999999    ,  0.0000000    ,  0.0000000    ,  0.0000000    ,  0.0000000    ,  0.0000000    , 0.50000012E-01, 0.97239301E-01, 0.74908450E-04,  11.000308    ,  0.0000000    ,  405.00000    ,  0.0000000    ,  0.0000000    ,  0.0000000    ,  0.0000000    ,  0.0000000    ,  0.0000000    , 0.56752588E-42, 0.10000000E+31, 0.10000000E+31, 0.10000000E+31,  84.388611    ,  77.833656    ,  186.75345    , -4126.7090    , 0.20189652    ,  20.000000    ,  14.000000    ,
   483250.00    ,  6845250.0    , -4146.7090    , -252.00000    ,  11.003000    , 0.94999999    ,  0.0000000    ,  0.0000000    ,  0.0000000    ,  0.0000000    ,  0.0000000    , 0.50000012E-01, 0.96275605E-01, 0.73127128E-04,  11.088021    ,  0.0000000    ,  405.00000    ,  0.0000000    ,  0.0000000    ,  0.0000000    ,  0.0000000    ,  0.0000000    ,  0.0000000    , 0.56752588E-42, 0.10000000E+31, 0.10000000E+31, 0.10000000E+31,  84.820251    ,  78.306229    ,  187.73346    , -4146.7090    , 0.20189652    ,  20.000002    ,  14.000000    ,
   483250.00    ,  6845250.0    , -4166.7090    , -266.00000    ,  11.004000    , 0.94999999    ,  0.0000000    ,  0.0000000    ,  0.0000000    ,  0.0000000    ,  0.0000000    , 0.50000012E-01, 0.95321454E-01, 0.71397575E-04,  11.175949    ,  0.0000000    ,  405.00000    ,  0.0000000    ,  0.0000000    ,  0.0000000    ,  0.0000000    ,  0.0000000    ,  0.0000000    , 0.56752588E-42, 0.10000000E+31, 0.10000000E+31, 0.10000000E+31,  85.251884    ,  78.779633    ,  188.71346    , -4166.7090    , 0.20189652    ,  19.999998    ,  14.000000    ,
   483250.00    ,  6845250.0    , -4186.7090    , -280.00000    ,  11.005000    , 0.94999999    ,  0.0000000    ,  0.0000000    ,  0.0000000    ,  0.0000000    ,  0.0000000    , 0.50000012E-01, 0.94376773E-01, 0.69717506E-04,  11.264120    ,  0.0000000    ,  405.00000    ,  0.0000000    ,  0.0000000    ,  0.0000000    ,  0.0000000    ,  0.0000000    ,  0.0000000    , 0.56752588E-42, 0.10000000E+31, 0.10000000E+31, 0.10000000E+31,  85.683525    ,  79.253838    ,  189.69345    , -4186.7090    , 0.20189652    ,  19.999998    ,  14.000000    ,
   483250.00    ,  6845250.0    , -4206.7090    , -294.00000    ,  11.006000    , 0.94999999    ,  0.0000000    ,  0.0000000    ,  0.0000000    ,  0.0000000    ,  0.0000000    , 0.50000012E-01, 0.93441442E-01, 0.68085334E-04,  11.352522    ,  0.0000000    ,  405.00000    ,  0.0000000    ,  0.0000000    ,  0.0000000    ,  0.0000000    ,  0.0000000    ,  0.0000000    , 0.56752588E-42, 0.10000000E+31, 0.10000000E+31, 0.10000000E+31,  86.115166    ,  79.728867    ,  190.67348    , -4206.7090    , 0.20189652    ,  0.0000000    ,  0.0000000    ,
